<KicadtoNgspice><source><i1 name="Source type">dc<field1 name="Value">0.4m</field1></i1></source><model /><devicemodel><q2><field>/home/ashwini/Downloads/eSim-2.3/library/deviceModelLibrary/Transistor/PNP.lib</field></q2><q3><field>/home/ashwini/Downloads/eSim-2.3/library/deviceModelLibrary/Transistor/PNP.lib</field></q3><q5><field>/home/ashwini/Downloads/eSim-2.3/library/deviceModelLibrary/Transistor/PNP.lib</field></q5><q7><field>/home/ashwini/Downloads/eSim-2.3/library/deviceModelLibrary/Transistor/PNP.lib</field></q7><q9><field>/home/ashwini/Downloads/eSim-2.3/library/deviceModelLibrary/Transistor/PNP.lib</field></q9><q10><field>/home/ashwini/Downloads/eSim-2.3/library/deviceModelLibrary/Transistor/PNP.lib</field></q10><q12><field>/home/ashwini/Downloads/eSim-2.3/library/deviceModelLibrary/Transistor/PNP.lib</field></q12><q8><field>/home/ashwini/Downloads/eSim-2.3/library/deviceModelLibrary/Transistor/NPN.lib</field></q8><q11><field>/home/ashwini/Downloads/eSim-2.3/library/deviceModelLibrary/Transistor/NPN.lib</field></q11><q13><field>/home/ashwini/Downloads/eSim-2.3/library/deviceModelLibrary/Transistor/NPN.lib</field></q13><q14><field>/home/ashwini/Downloads/eSim-2.3/library/deviceModelLibrary/Transistor/NPN.lib</field></q14><q15><field>/home/ashwini/Downloads/eSim-2.3/library/deviceModelLibrary/Transistor/NPN.lib</field></q15><q16><field>/home/ashwini/Downloads/eSim-2.3/library/deviceModelLibrary/Transistor/NPN.lib</field></q16><q17><field>/home/ashwini/Downloads/eSim-2.3/library/deviceModelLibrary/Transistor/NPN.lib</field></q17><q1><field>/home/ashwini/Downloads/eSim-2.3/library/deviceModelLibrary/Transistor/NPN.lib</field></q1><q4><field>/home/ashwini/Downloads/eSim-2.3/library/deviceModelLibrary/Transistor/NPN.lib</field></q4><q6><field>/home/ashwini/Downloads/eSim-2.3/library/deviceModelLibrary/Transistor/PNP.lib</field></q6></devicemodel><subcircuit /><analysis><ac><field1 name="Lin">true</field1><field2 name="Dec">false</field2><field3 name="Oct">false</field3><field4 name="Start Frequency" /><field5 name="Stop Frequency" /><field6 name="No. of points" /><field7 name="Start Fre Combo">Hz</field7><field8 name="Stop Fre Combo">Hz</field8></ac><dc><field1 name="Source 1" /><field2 name="Start" /><field3 name="Increment" /><field4 name="Stop" /><field5 name="Operating Point">0</field5><field6 name="Start Combo">Volts or Amperes</field6><field7 name="Increment Combo">Volts or Amperes</field7><field8 name="Stop Combo">Volts or Amperes</field8><field9 name="Source 2" /><field10 name="Start" /><field11 name="Increment" /><field12 name="Stop" /><field13 name="Start Combo">Volts or Amperes</field13><field14 name="Increment Combo">Volts or Amperes</field14><field15 name="Stop Combo">Volts or Amperes</field15></dc><tran><field1 name="Start Time" /><field2 name="Step Time" /><field3 name="Stop Time" /><field4 name="Start Combo">sec</field4><field5 name="Step Combo">sec</field5><field6 name="Stop Combo">sec</field6></tran></analysis></KicadtoNgspice>