<KicadtoNgspice><source><i1 name="Source type">dc<field1 name="Value">0.2m</field1></i1><i2 name="Source type">dc<field1 name="Value">0.1m</field1></i2><v2 name="Source type">dc<field1 name="Value">12</field1></v2><v1 name="Source type">sine<field1 name="Offset Value" /><field2 name="Amplitude">5m</field2><field3 name="Frequency">100</field3><field4 name="Delay Time" /><field5 name="Damping Factor" /></v1></source><model><u1 name="type">zener<field1 name="Enter Breakdown Voltage (default=5.6)" /><field2 name="Enter Breakdown Current (default=2.0e-2)" /><field3 name="Enter Saturation Current (default=1.0e-12)" /><field4 name="Enter Forward Emission Coefficient (default=1.0)" /><field5 name="Enter Switch for Limiting (default=FALSE)" /></u1></model><devicemodel><q3><field>/home/ashwini/Downloads/eSim-2.3/library/deviceModelLibrary/Transistor/PNP.lib</field></q3><q4><field>/home/ashwini/Downloads/eSim-2.3/library/deviceModelLibrary/Transistor/PNP.lib</field></q4><q1><field>/home/ashwini/Downloads/eSim-2.3/library/deviceModelLibrary/Transistor/NPN.lib</field></q1><q2><field>/home/ashwini/Downloads/eSim-2.3/library/deviceModelLibrary/Transistor/NPN.lib</field></q2><q5><field>/home/ashwini/Downloads/eSim-2.3/library/deviceModelLibrary/Transistor/PNP.lib</field></q5></devicemodel><subcircuit /><analysis><ac><field1 name="Lin">false</field1><field2 name="Dec">true</field2><field3 name="Oct">false</field3><field4 name="Start Frequency">10</field4><field5 name="Stop Frequency">1</field5><field6 name="No. of points">1000</field6><field7 name="Start Fre Combo">Hz</field7><field8 name="Stop Fre Combo">GHz</field8></ac><dc><field1 name="Source 1" /><field2 name="Start" /><field3 name="Increment" /><field4 name="Stop" /><field5 name="Operating Point">0</field5><field6 name="Start Combo">Volts or Amperes</field6><field7 name="Increment Combo">Volts or Amperes</field7><field8 name="Stop Combo">Volts or Amperes</field8><field9 name="Source 2" /><field10 name="Start" /><field11 name="Increment" /><field12 name="Stop" /><field13 name="Start Combo">Volts or Amperes</field13><field14 name="Increment Combo">Volts or Amperes</field14><field15 name="Stop Combo">Volts or Amperes</field15></dc><tran><field1 name="Start Time">0</field1><field2 name="Step Time">1</field2><field3 name="Stop Time">100</field3><field4 name="Start Combo">sec</field4><field5 name="Step Combo">us</field5><field6 name="Stop Combo">ms</field6></tran></analysis></KicadtoNgspice>